[
  {
    "Player_ID": 1628969,
    "Name": "Mikal Bridges",
    "Abbrev": "BKN",
    "Age": 27,
    "Stats": {
      "Games Played": 80,
      "Points Per Game": 19.91,
      "Minutes Per Game": 34.8
    }
  },
  {
    "Player_ID": 1631096,
    "Name": "Chet Holmgren",
    "Abbrev": "OKC",
    "Age": 21,
    "Stats": {
      "Games Played": 80,
      "Points Per Game": 16.52,
      "Minutes Per Game": 29.4
    }
  },
  {
    "Player_ID": 1630559,
    "Name": "Austin Reaves",
    "Abbrev": "LAL",
    "Age": 25,
    "Stats": {
      "Games Played": 80,
      "Points Per Game": 15.84,
      "Minutes Per Game": 32.1
    }
  },
  {
    "Player_ID": 203471,
    "Name": "Dennis Schroder",
    "Abbrev": "BKN",
    "Age": 30,
    "Stats": {
      "Games Played": 80,
      "Points Per Game": 14.03,
      "Minutes Per Game": 31.1
    }
  },
  {
    "Player_ID": 1626171,
    "Name": "Bobby Portis",
    "Abbrev": "MIL",
    "Age": 29,
    "Stats": {
      "Games Played": 80,
      "Points Per Game": 13.86,
      "Minutes Per Game": 24.5
    }
  },
  {
    "Player_ID": 1627741,
    "Name": "Buddy Hield",
    "Abbrev": "PHI",
    "Age": 31,
    "Stats": {
      "Games Played": 82,
      "Points Per Game": 12.05,
      "Minutes Per Game": 25.7
    }
  },
  {
    "Player_ID": 1630167,
    "Name": "Obi Toppin",
    "Abbrev": "IND",
    "Age": 26,
    "Stats": {
      "Games Played": 80,
      "Points Per Game": 10.32,
      "Minutes Per Game": 21.1
    }
  },
  {
    "Player_ID": 202704,
    "Name": "Reggie Jackson",
    "Abbrev": "DEN",
    "Age": 33,
    "Stats": {
      "Games Played": 80,
      "Points Per Game": 10.2,
      "Minutes Per Game": 22.2
    }
  },
  {
    "Player_ID": 1627777,
    "Name": "Georges Niang",
    "Abbrev": "CLE",
    "Age": 30,
    "Stats": {
      "Games Played": 80,
      "Points Per Game": 9.29,
      "Minutes Per Game": 22.3
    }
  },
  {
    "Player_ID": 1629638,
    "Name": "Nickeil Alexander-Walker",
    "Abbrev": "MIN",
    "Age": 25,
    "Stats": {
      "Games Played": 80,
      "Points Per Game": 8,
      "Minutes Per Game": 23.4
    }
  },
  {
    "Player_ID": 1630194,
    "Name": "Paul Reed",
    "Abbrev": "PHI",
    "Age": 24,
    "Stats": {
      "Games Played": 80,
      "Points Per Game": 7.26,
      "Minutes Per Game": 19.4
    }
  },
  {
    "Player_ID": 1631128,
    "Name": "Christian Braun",
    "Abbrev": "DEN",
    "Age": 22,
    "Stats": {
      "Games Played": 80,
      "Points Per Game": 7.12,
      "Minutes Per Game": 20.2
    }
  },
  {
    "Player_ID": 1641717,
    "Name": "Cason Wallace",
    "Abbrev": "OKC",
    "Age": 20,
    "Stats": {
      "Games Played": 80,
      "Points Per Game": 6.79,
      "Minutes Per Game": 20.6
    }
  }
]